trial_id,trajectory_id,trial_category,repeat_id,seed,speed_scale,control_period_s,q1_init,q2_init,q3_init,q4_init,q5_init,q6_init,q7_init
circle_fixed_orientation_repeatability_speed0.5_r0,circle_fixed_orientation,repeatability,0,42,0.5,0.0250626566,-0.1226223689,0.7642370894,0.5226232364,1.2829715515,-1.1345352728,1.5596182217,1.4999469953
circle_fixed_orientation_repeatability_speed0.5_r1,circle_fixed_orientation,repeatability,1,42,0.5,0.0250626566,-0.1226223689,0.7642370894,0.5226232364,1.2829715515,-1.1345352728,1.5596182217,1.4999469953
circle_fixed_orientation_repeatability_speed0.5_r2,circle_fixed_orientation,repeatability,2,42,0.5,0.0250626566,-0.1226223689,0.7642370894,0.5226232364,1.2829715515,-1.1345352728,1.5596182217,1.4999469953
circle_fixed_orientation_repeatability_speed0.5_r3,circle_fixed_orientation,repeatability,3,42,0.5,0.0250626566,-0.1226223689,0.7642370894,0.5226232364,1.2829715515,-1.1345352728,1.5596182217,1.4999469953
circle_fixed_orientation_repeatability_speed0.5_r4,circle_fixed_orientation,repeatability,4,42,0.5,0.0250626566,-0.1226223689,0.7642370894,0.5226232364,1.2829715515,-1.1345352728,1.5596182217,1.4999469953
circle_fixed_orientation_repeatability_speed0.5_r5,circle_fixed_orientation,repeatability,5,42,0.5,0.0250626566,-0.1226223689,0.7642370894,0.5226232364,1.2829715515,-1.1345352728,1.5596182217,1.4999469953
circle_fixed_orientation_repeatability_speed0.5_r6,circle_fixed_orientation,repeatability,6,42,0.5,0.0250626566,-0.1226223689,0.7642370894,0.5226232364,1.2829715515,-1.1345352728,1.5596182217,1.4999469953
circle_fixed_orientation_repeatability_speed0.5_r7,circle_fixed_orientation,repeatability,7,42,0.5,0.0250626566,-0.1226223689,0.7642370894,0.5226232364,1.2829715515,-1.1345352728,1.5596182217,1.4999469953
circle_fixed_orientation_repeatability_speed0.5_r8,circle_fixed_orientation,repeatability,8,42,0.5,0.0250626566,-0.1226223689,0.7642370894,0.5226232364,1.2829715515,-1.1345352728,1.5596182217,1.4999469953
circle_fixed_orientation_repeatability_speed0.5_r9,circle_fixed_orientation,repeatability,9,42,0.5,0.0250626566,-0.1226223689,0.7642370894,0.5226232364,1.2829715515,-1.1345352728,1.5596182217,1.4999469953
circle_fixed_orientation_repeatability_speed1.0_r0,circle_fixed_orientation,repeatability,0,42,1.0,0.0250626566,-0.1226223689,0.7642370894,0.5226232364,1.2829715515,-1.1345352728,1.5596182217,1.4999469953
circle_fixed_orientation_repeatability_speed1.0_r1,circle_fixed_orientation,repeatability,1,42,1.0,0.0250626566,-0.1226223689,0.7642370894,0.5226232364,1.2829715515,-1.1345352728,1.5596182217,1.4999469953
circle_fixed_orientation_repeatability_speed1.0_r2,circle_fixed_orientation,repeatability,2,42,1.0,0.0250626566,-0.1226223689,0.7642370894,0.5226232364,1.2829715515,-1.1345352728,1.5596182217,1.4999469953
circle_fixed_orientation_repeatability_speed1.0_r3,circle_fixed_orientation,repeatability,3,42,1.0,0.0250626566,-0.1226223689,0.7642370894,0.5226232364,1.2829715515,-1.1345352728,1.5596182217,1.4999469953
circle_fixed_orientation_repeatability_speed1.0_r4,circle_fixed_orientation,repeatability,4,42,1.0,0.0250626566,-0.1226223689,0.7642370894,0.5226232364,1.2829715515,-1.1345352728,1.5596182217,1.4999469953
circle_fixed_orientation_repeatability_speed1.0_r5,circle_fixed_orientation,repeatability,5,42,1.0,0.0250626566,-0.1226223689,0.7642370894,0.5226232364,1.2829715515,-1.1345352728,1.5596182217,1.4999469953
circle_fixed_orientation_repeatability_speed1.0_r6,circle_fixed_orientation,repeatability,6,42,1.0,0.0250626566,-0.1226223689,0.7642370894,0.5226232364,1.2829715515,-1.1345352728,1.5596182217,1.4999469953
circle_fixed_orientation_repeatability_speed1.0_r7,circle_fixed_orientation,repeatability,7,42,1.0,0.0250626566,-0.1226223689,0.7642370894,0.5226232364,1.2829715515,-1.1345352728,1.5596182217,1.4999469953
circle_fixed_orientation_repeatability_speed1.0_r8,circle_fixed_orientation,repeatability,8,42,1.0,0.0250626566,-0.1226223689,0.7642370894,0.5226232364,1.2829715515,-1.1345352728,1.5596182217,1.4999469953
circle_fixed_orientation_repeatability_speed1.0_r9,circle_fixed_orientation,repeatability,9,42,1.0,0.0250626566,-0.1226223689,0.7642370894,0.5226232364,1.2829715515,-1.1345352728,1.5596182217,1.4999469953
circle_fixed_orientation_repeatability_speed1.5_r0,circle_fixed_orientation,repeatability,0,42,1.5,0.0250626566,-0.1226223689,0.7642370894,0.5226232364,1.2829715515,-1.1345352728,1.5596182217,1.4999469953
circle_fixed_orientation_repeatability_speed1.5_r1,circle_fixed_orientation,repeatability,1,42,1.5,0.0250626566,-0.1226223689,0.7642370894,0.5226232364,1.2829715515,-1.1345352728,1.5596182217,1.4999469953
circle_fixed_orientation_repeatability_speed1.5_r2,circle_fixed_orientation,repeatability,2,42,1.5,0.0250626566,-0.1226223689,0.7642370894,0.5226232364,1.2829715515,-1.1345352728,1.5596182217,1.4999469953
circle_fixed_orientation_repeatability_speed1.5_r3,circle_fixed_orientation,repeatability,3,42,1.5,0.0250626566,-0.1226223689,0.7642370894,0.5226232364,1.2829715515,-1.1345352728,1.5596182217,1.4999469953
circle_fixed_orientation_repeatability_speed1.5_r4,circle_fixed_orientation,repeatability,4,42,1.5,0.0250626566,-0.1226223689,0.7642370894,0.5226232364,1.2829715515,-1.1345352728,1.5596182217,1.4999469953
circle_fixed_orientation_repeatability_speed1.5_r5,circle_fixed_orientation,repeatability,5,42,1.5,0.0250626566,-0.1226223689,0.7642370894,0.5226232364,1.2829715515,-1.1345352728,1.5596182217,1.4999469953
circle_fixed_orientation_repeatability_speed1.5_r6,circle_fixed_orientation,repeatability,6,42,1.5,0.0250626566,-0.1226223689,0.7642370894,0.5226232364,1.2829715515,-1.1345352728,1.5596182217,1.4999469953
circle_fixed_orientation_repeatability_speed1.5_r7,circle_fixed_orientation,repeatability,7,42,1.5,0.0250626566,-0.1226223689,0.7642370894,0.5226232364,1.2829715515,-1.1345352728,1.5596182217,1.4999469953
circle_fixed_orientation_repeatability_speed1.5_r8,circle_fixed_orientation,repeatability,8,42,1.5,0.0250626566,-0.1226223689,0.7642370894,0.5226232364,1.2829715515,-1.1345352728,1.5596182217,1.4999469953
circle_fixed_orientation_repeatability_speed1.5_r9,circle_fixed_orientation,repeatability,9,42,1.5,0.0250626566,-0.1226223689,0.7642370894,0.5226232364,1.2829715515,-1.1345352728,1.5596182217,1.4999469953
circle_fixed_orientation_robustness_speed0.5_c0,circle_fixed_orientation,robustness,0,1388563030435499276,0.5,0.0250626566,-3.8405990150,1.4157301242,4.8282839315,1.4652319456,4.5755788977,-4.1159416755,-3.1102378437
circle_fixed_orientation_robustness_speed0.5_c1,circle_fixed_orientation,robustness,0,8404082641479241415,0.5,0.0250626566,-0.9237995527,0.7144757507,-4.1251346371,0.8941534376,0.3290253782,1.8003697197,0.8910864335
circle_fixed_orientation_robustness_speed0.5_c2,circle_fixed_orientation,robustness,0,1745675526986023091,0.5,0.0250626566,-2.8774493809,1.5464316227,5.5809873284,2.1398825414,5.4223188100,-0.4179585426,-5.9016133733
circle_fixed_orientation_robustness_speed0.5_c3,circle_fixed_orientation,robustness,0,7442654146685708048,0.5,0.0250626566,1.1595039013,2.1646799742,4.1130556176,1.6398907309,2.0982560070,-0.9110718459,-0.6047123817
circle_fixed_orientation_robustness_speed0.5_c4,circle_fixed_orientation,robustness,0,6332302747991256656,0.5,0.0250626566,1.7745480559,-0.2429598821,-1.7984060533,2.5307868792,-3.0286759833,-0.0597160439,-2.7711342887
circle_fixed_orientation_robustness_speed1.0_c0,circle_fixed_orientation,robustness,0,1388563030435499276,1.0,0.0250626566,-3.8405990150,1.4157301242,4.8282839315,1.4652319456,4.5755788977,-4.1159416755,-3.1102378437
circle_fixed_orientation_robustness_speed1.0_c1,circle_fixed_orientation,robustness,0,8404082641479241415,1.0,0.0250626566,-0.9237995527,0.7144757507,-4.1251346371,0.8941534376,0.3290253782,1.8003697197,0.8910864335
circle_fixed_orientation_robustness_speed1.0_c2,circle_fixed_orientation,robustness,0,1745675526986023091,1.0,0.0250626566,-2.8774493809,1.5464316227,5.5809873284,2.1398825414,5.4223188100,-0.4179585426,-5.9016133733
circle_fixed_orientation_robustness_speed1.0_c3,circle_fixed_orientation,robustness,0,7442654146685708048,1.0,0.0250626566,1.1595039013,2.1646799742,4.1130556176,1.6398907309,2.0982560070,-0.9110718459,-0.6047123817
circle_fixed_orientation_robustness_speed1.0_c4,circle_fixed_orientation,robustness,0,6332302747991256656,1.0,0.0250626566,1.7745480559,-0.2429598821,-1.7984060533,2.5307868792,-3.0286759833,-0.0597160439,-2.7711342887
circle_fixed_orientation_robustness_speed1.5_c0,circle_fixed_orientation,robustness,0,1388563030435499276,1.5,0.0250626566,-3.8405990150,1.4157301242,4.8282839315,1.4652319456,4.5755788977,-4.1159416755,-3.1102378437
circle_fixed_orientation_robustness_speed1.5_c1,circle_fixed_orientation,robustness,0,8404082641479241415,1.5,0.0250626566,-0.9237995527,0.7144757507,-4.1251346371,0.8941534376,0.3290253782,1.8003697197,0.8910864335
circle_fixed_orientation_robustness_speed1.5_c2,circle_fixed_orientation,robustness,0,1745675526986023091,1.5,0.0250626566,-2.8774493809,1.5464316227,5.5809873284,2.1398825414,5.4223188100,-0.4179585426,-5.9016133733
circle_fixed_orientation_robustness_speed1.5_c3,circle_fixed_orientation,robustness,0,7442654146685708048,1.5,0.0250626566,1.1595039013,2.1646799742,4.1130556176,1.6398907309,2.0982560070,-0.9110718459,-0.6047123817
circle_fixed_orientation_robustness_speed1.5_c4,circle_fixed_orientation,robustness,0,6332302747991256656,1.5,0.0250626566,1.7745480559,-0.2429598821,-1.7984060533,2.5307868792,-3.0286759833,-0.0597160439,-2.7711342887
circle_variable_orientation_repeatability_speed0.5_r0,circle_variable_orientation,repeatability,0,42,0.5,0.0250626566,-0.1226223689,0.7642370894,0.5226232364,1.2829715515,-1.1345352728,1.5596182217,1.4999469953
circle_variable_orientation_repeatability_speed0.5_r1,circle_variable_orientation,repeatability,1,42,0.5,0.0250626566,-0.1226223689,0.7642370894,0.5226232364,1.2829715515,-1.1345352728,1.5596182217,1.4999469953
circle_variable_orientation_repeatability_speed0.5_r2,circle_variable_orientation,repeatability,2,42,0.5,0.0250626566,-0.1226223689,0.7642370894,0.5226232364,1.2829715515,-1.1345352728,1.5596182217,1.4999469953
circle_variable_orientation_repeatability_speed0.5_r3,circle_variable_orientation,repeatability,3,42,0.5,0.0250626566,-0.1226223689,0.7642370894,0.5226232364,1.2829715515,-1.1345352728,1.5596182217,1.4999469953
circle_variable_orientation_repeatability_speed0.5_r4,circle_variable_orientation,repeatability,4,42,0.5,0.0250626566,-0.1226223689,0.7642370894,0.5226232364,1.2829715515,-1.1345352728,1.5596182217,1.4999469953
circle_variable_orientation_repeatability_speed0.5_r5,circle_variable_orientation,repeatability,5,42,0.5,0.0250626566,-0.1226223689,0.7642370894,0.5226232364,1.2829715515,-1.1345352728,1.5596182217,1.4999469953
circle_variable_orientation_repeatability_speed0.5_r6,circle_variable_orientation,repeatability,6,42,0.5,0.0250626566,-0.1226223689,0.7642370894,0.5226232364,1.2829715515,-1.1345352728,1.5596182217,1.4999469953
circle_variable_orientation_repeatability_speed0.5_r7,circle_variable_orientation,repeatability,7,42,0.5,0.0250626566,-0.1226223689,0.7642370894,0.5226232364,1.2829715515,-1.1345352728,1.5596182217,1.4999469953
circle_variable_orientation_repeatability_speed0.5_r8,circle_variable_orientation,repeatability,8,42,0.5,0.0250626566,-0.1226223689,0.7642370894,0.5226232364,1.2829715515,-1.1345352728,1.5596182217,1.4999469953
circle_variable_orientation_repeatability_speed0.5_r9,circle_variable_orientation,repeatability,9,42,0.5,0.0250626566,-0.1226223689,0.7642370894,0.5226232364,1.2829715515,-1.1345352728,1.5596182217,1.4999469953
circle_variable_orientation_repeatability_speed1.0_r0,circle_variable_orientation,repeatability,0,42,1.0,0.0250626566,-0.1226223689,0.7642370894,0.5226232364,1.2829715515,-1.1345352728,1.5596182217,1.4999469953
circle_variable_orientation_repeatability_speed1.0_r1,circle_variable_orientation,repeatability,1,42,1.0,0.0250626566,-0.1226223689,0.7642370894,0.5226232364,1.2829715515,-1.1345352728,1.5596182217,1.4999469953
circle_variable_orientation_repeatability_speed1.0_r2,circle_variable_orientation,repeatability,2,42,1.0,0.0250626566,-0.1226223689,0.7642370894,0.5226232364,1.2829715515,-1.1345352728,1.5596182217,1.4999469953
circle_variable_orientation_repeatability_speed1.0_r3,circle_variable_orientation,repeatability,3,42,1.0,0.0250626566,-0.1226223689,0.7642370894,0.5226232364,1.2829715515,-1.1345352728,1.5596182217,1.4999469953
circle_variable_orientation_repeatability_speed1.0_r4,circle_variable_orientation,repeatability,4,42,1.0,0.0250626566,-0.1226223689,0.7642370894,0.5226232364,1.2829715515,-1.1345352728,1.5596182217,1.4999469953
circle_variable_orientation_repeatability_speed1.0_r5,circle_variable_orientation,repeatability,5,42,1.0,0.0250626566,-0.1226223689,0.7642370894,0.5226232364,1.2829715515,-1.1345352728,1.5596182217,1.4999469953
circle_variable_orientation_repeatability_speed1.0_r6,circle_variable_orientation,repeatability,6,42,1.0,0.0250626566,-0.1226223689,0.7642370894,0.5226232364,1.2829715515,-1.1345352728,1.5596182217,1.4999469953
circle_variable_orientation_repeatability_speed1.0_r7,circle_variable_orientation,repeatability,7,42,1.0,0.0250626566,-0.1226223689,0.7642370894,0.5226232364,1.2829715515,-1.1345352728,1.5596182217,1.4999469953
circle_variable_orientation_repeatability_speed1.0_r8,circle_variable_orientation,repeatability,8,42,1.0,0.0250626566,-0.1226223689,0.7642370894,0.5226232364,1.2829715515,-1.1345352728,1.5596182217,1.4999469953
circle_variable_orientation_repeatability_speed1.0_r9,circle_variable_orientation,repeatability,9,42,1.0,0.0250626566,-0.1226223689,0.7642370894,0.5226232364,1.2829715515,-1.1345352728,1.5596182217,1.4999469953
circle_variable_orientation_repeatability_speed1.5_r0,circle_variable_orientation,repeatability,0,42,1.5,0.0250626566,-0.1226223689,0.7642370894,0.5226232364,1.2829715515,-1.1345352728,1.5596182217,1.4999469953
circle_variable_orientation_repeatability_speed1.5_r1,circle_variable_orientation,repeatability,1,42,1.5,0.0250626566,-0.1226223689,0.7642370894,0.5226232364,1.2829715515,-1.1345352728,1.5596182217,1.4999469953
circle_variable_orientation_repeatability_speed1.5_r2,circle_variable_orientation,repeatability,2,42,1.5,0.0250626566,-0.1226223689,0.7642370894,0.5226232364,1.2829715515,-1.1345352728,1.5596182217,1.4999469953
circle_variable_orientation_repeatability_speed1.5_r3,circle_variable_orientation,repeatability,3,42,1.5,0.0250626566,-0.1226223689,0.7642370894,0.5226232364,1.2829715515,-1.1345352728,1.5596182217,1.4999469953
circle_variable_orientation_repeatability_speed1.5_r4,circle_variable_orientation,repeatability,4,42,1.5,0.0250626566,-0.1226223689,0.7642370894,0.5226232364,1.2829715515,-1.1345352728,1.5596182217,1.4999469953
circle_variable_orientation_repeatability_speed1.5_r5,circle_variable_orientation,repeatability,5,42,1.5,0.0250626566,-0.1226223689,0.7642370894,0.5226232364,1.2829715515,-1.1345352728,1.5596182217,1.4999469953
circle_variable_orientation_repeatability_speed1.5_r6,circle_variable_orientation,repeatability,6,42,1.5,0.0250626566,-0.1226223689,0.7642370894,0.5226232364,1.2829715515,-1.1345352728,1.5596182217,1.4999469953
circle_variable_orientation_repeatability_speed1.5_r7,circle_variable_orientation,repeatability,7,42,1.5,0.0250626566,-0.1226223689,0.7642370894,0.5226232364,1.2829715515,-1.1345352728,1.5596182217,1.4999469953
circle_variable_orientation_repeatability_speed1.5_r8,circle_variable_orientation,repeatability,8,42,1.5,0.0250626566,-0.1226223689,0.7642370894,0.5226232364,1.2829715515,-1.1345352728,1.5596182217,1.4999469953
circle_variable_orientation_repeatability_speed1.5_r9,circle_variable_orientation,repeatability,9,42,1.5,0.0250626566,-0.1226223689,0.7642370894,0.5226232364,1.2829715515,-1.1345352728,1.5596182217,1.4999469953
circle_variable_orientation_robustness_speed0.5_c0,circle_variable_orientation,robustness,0,2150559180126834163,0.5,0.0250626566,3.4209760462,-0.7685915451,-5.6968607644,0.5147670772,3.4492861492,5.6021327218,-4.6639169402
circle_variable_orientation_robustness_speed0.5_c1,circle_variable_orientation,robustness,0,3103921529210990244,0.5,0.0250626566,1.9965804760,1.2881304323,3.4136606806,0.1876431774,-2.5457087649,0.8446134122,1.3852466346
circle_variable_orientation_robustness_speed0.5_c2,circle_variable_orientation,robustness,0,8665275699175175898,0.5,0.0250626566,3.2922762810,2.4423857027,1.7885589903,2.3641709692,3.4126578424,0.5006887467,2.3202834607
circle_variable_orientation_robustness_speed0.5_c3,circle_variable_orientation,robustness,0,1819666079320905108,0.5,0.0250626566,2.0819344213,-0.5745564294,-3.5852074672,-0.8900171795,-1.1219892709,1.3573717380,0.4982562083
circle_variable_orientation_robustness_speed0.5_c4,circle_variable_orientation,robustness,0,2326883583589550340,0.5,0.0250626566,-1.3312606496,2.9343598374,3.1008649737,1.4538311837,1.4784361527,2.1243392785,4.8473026488
circle_variable_orientation_robustness_speed1.0_c0,circle_variable_orientation,robustness,0,2150559180126834163,1.0,0.0250626566,3.4209760462,-0.7685915451,-5.6968607644,0.5147670772,3.4492861492,5.6021327218,-4.6639169402
circle_variable_orientation_robustness_speed1.0_c1,circle_variable_orientation,robustness,0,3103921529210990244,1.0,0.0250626566,1.9965804760,1.2881304323,3.4136606806,0.1876431774,-2.5457087649,0.8446134122,1.3852466346
circle_variable_orientation_robustness_speed1.0_c2,circle_variable_orientation,robustness,0,8665275699175175898,1.0,0.0250626566,3.2922762810,2.4423857027,1.7885589903,2.3641709692,3.4126578424,0.5006887467,2.3202834607
circle_variable_orientation_robustness_speed1.0_c3,circle_variable_orientation,robustness,0,1819666079320905108,1.0,0.0250626566,2.0819344213,-0.5745564294,-3.5852074672,-0.8900171795,-1.1219892709,1.3573717380,0.4982562083
circle_variable_orientation_robustness_speed1.0_c4,circle_variable_orientation,robustness,0,2326883583589550340,1.0,0.0250626566,-1.3312606496,2.9343598374,3.1008649737,1.4538311837,1.4784361527,2.1243392785,4.8473026488
circle_variable_orientation_robustness_speed1.5_c0,circle_variable_orientation,robustness,0,2150559180126834163,1.5,0.0250626566,3.4209760462,-0.7685915451,-5.6968607644,0.5147670772,3.4492861492,5.6021327218,-4.6639169402
circle_variable_orientation_robustness_speed1.5_c1,circle_variable_orientation,robustness,0,3103921529210990244,1.5,0.0250626566,1.9965804760,1.2881304323,3.4136606806,0.1876431774,-2.5457087649,0.8446134122,1.3852466346
circle_variable_orientation_robustness_speed1.5_c2,circle_variable_orientation,robustness,0,8665275699175175898,1.5,0.0250626566,3.2922762810,2.4423857027,1.7885589903,2.3641709692,3.4126578424,0.5006887467,2.3202834607
circle_variable_orientation_robustness_speed1.5_c3,circle_variable_orientation,robustness,0,1819666079320905108,1.5,0.0250626566,2.0819344213,-0.5745564294,-3.5852074672,-0.8900171795,-1.1219892709,1.3573717380,0.4982562083
circle_variable_orientation_robustness_speed1.5_c4,circle_variable_orientation,robustness,0,2326883583589550340,1.5,0.0250626566,-1.3312606496,2.9343598374,3.1008649737,1.4538311837,1.4784361527,2.1243392785,4.8473026488
figure8_fixed_orientation_repeatability_speed0.5_r0,figure8_fixed_orientation,repeatability,0,42,0.5,0.0250626566,-0.1226223689,0.7642370894,0.5226232364,1.2829715515,-1.1345352728,1.5596182217,1.4999469953
figure8_fixed_orientation_repeatability_speed0.5_r1,figure8_fixed_orientation,repeatability,1,42,0.5,0.0250626566,-0.1226223689,0.7642370894,0.5226232364,1.2829715515,-1.1345352728,1.5596182217,1.4999469953
figure8_fixed_orientation_repeatability_speed0.5_r2,figure8_fixed_orientation,repeatability,2,42,0.5,0.0250626566,-0.1226223689,0.7642370894,0.5226232364,1.2829715515,-1.1345352728,1.5596182217,1.4999469953
figure8_fixed_orientation_repeatability_speed0.5_r3,figure8_fixed_orientation,repeatability,3,42,0.5,0.0250626566,-0.1226223689,0.7642370894,0.5226232364,1.2829715515,-1.1345352728,1.5596182217,1.4999469953
figure8_fixed_orientation_repeatability_speed0.5_r4,figure8_fixed_orientation,repeatability,4,42,0.5,0.0250626566,-0.1226223689,0.7642370894,0.5226232364,1.2829715515,-1.1345352728,1.5596182217,1.4999469953
figure8_fixed_orientation_repeatability_speed0.5_r5,figure8_fixed_orientation,repeatability,5,42,0.5,0.0250626566,-0.1226223689,0.7642370894,0.5226232364,1.2829715515,-1.1345352728,1.5596182217,1.4999469953
figure8_fixed_orientation_repeatability_speed0.5_r6,figure8_fixed_orientation,repeatability,6,42,0.5,0.0250626566,-0.1226223689,0.7642370894,0.5226232364,1.2829715515,-1.1345352728,1.5596182217,1.4999469953
figure8_fixed_orientation_repeatability_speed0.5_r7,figure8_fixed_orientation,repeatability,7,42,0.5,0.0250626566,-0.1226223689,0.7642370894,0.5226232364,1.2829715515,-1.1345352728,1.5596182217,1.4999469953
figure8_fixed_orientation_repeatability_speed0.5_r8,figure8_fixed_orientation,repeatability,8,42,0.5,0.0250626566,-0.1226223689,0.7642370894,0.5226232364,1.2829715515,-1.1345352728,1.5596182217,1.4999469953
figure8_fixed_orientation_repeatability_speed0.5_r9,figure8_fixed_orientation,repeatability,9,42,0.5,0.0250626566,-0.1226223689,0.7642370894,0.5226232364,1.2829715515,-1.1345352728,1.5596182217,1.4999469953
figure8_fixed_orientation_repeatability_speed1.0_r0,figure8_fixed_orientation,repeatability,0,42,1.0,0.0250626566,-0.1226223689,0.7642370894,0.5226232364,1.2829715515,-1.1345352728,1.5596182217,1.4999469953
figure8_fixed_orientation_repeatability_speed1.0_r1,figure8_fixed_orientation,repeatability,1,42,1.0,0.0250626566,-0.1226223689,0.7642370894,0.5226232364,1.2829715515,-1.1345352728,1.5596182217,1.4999469953
figure8_fixed_orientation_repeatability_speed1.0_r2,figure8_fixed_orientation,repeatability,2,42,1.0,0.0250626566,-0.1226223689,0.7642370894,0.5226232364,1.2829715515,-1.1345352728,1.5596182217,1.4999469953
figure8_fixed_orientation_repeatability_speed1.0_r3,figure8_fixed_orientation,repeatability,3,42,1.0,0.0250626566,-0.1226223689,0.7642370894,0.5226232364,1.2829715515,-1.1345352728,1.5596182217,1.4999469953
figure8_fixed_orientation_repeatability_speed1.0_r4,figure8_fixed_orientation,repeatability,4,42,1.0,0.0250626566,-0.1226223689,0.7642370894,0.5226232364,1.2829715515,-1.1345352728,1.5596182217,1.4999469953
figure8_fixed_orientation_repeatability_speed1.0_r5,figure8_fixed_orientation,repeatability,5,42,1.0,0.0250626566,-0.1226223689,0.7642370894,0.5226232364,1.2829715515,-1.1345352728,1.5596182217,1.4999469953
figure8_fixed_orientation_repeatability_speed1.0_r6,figure8_fixed_orientation,repeatability,6,42,1.0,0.0250626566,-0.1226223689,0.7642370894,0.5226232364,1.2829715515,-1.1345352728,1.5596182217,1.4999469953
figure8_fixed_orientation_repeatability_speed1.0_r7,figure8_fixed_orientation,repeatability,7,42,1.0,0.0250626566,-0.1226223689,0.7642370894,0.5226232364,1.2829715515,-1.1345352728,1.5596182217,1.4999469953
figure8_fixed_orientation_repeatability_speed1.0_r8,figure8_fixed_orientation,repeatability,8,42,1.0,0.0250626566,-0.1226223689,0.7642370894,0.5226232364,1.2829715515,-1.1345352728,1.5596182217,1.4999469953
figure8_fixed_orientation_repeatability_speed1.0_r9,figure8_fixed_orientation,repeatability,9,42,1.0,0.0250626566,-0.1226223689,0.7642370894,0.5226232364,1.2829715515,-1.1345352728,1.5596182217,1.4999469953
figure8_fixed_orientation_repeatability_speed1.5_r0,figure8_fixed_orientation,repeatability,0,42,1.5,0.0250626566,-0.1226223689,0.7642370894,0.5226232364,1.2829715515,-1.1345352728,1.5596182217,1.4999469953
figure8_fixed_orientation_repeatability_speed1.5_r1,figure8_fixed_orientation,repeatability,1,42,1.5,0.0250626566,-0.1226223689,0.7642370894,0.5226232364,1.2829715515,-1.1345352728,1.5596182217,1.4999469953
figure8_fixed_orientation_repeatability_speed1.5_r2,figure8_fixed_orientation,repeatability,2,42,1.5,0.0250626566,-0.1226223689,0.7642370894,0.5226232364,1.2829715515,-1.1345352728,1.5596182217,1.4999469953
figure8_fixed_orientation_repeatability_speed1.5_r3,figure8_fixed_orientation,repeatability,3,42,1.5,0.0250626566,-0.1226223689,0.7642370894,0.5226232364,1.2829715515,-1.1345352728,1.5596182217,1.4999469953
figure8_fixed_orientation_repeatability_speed1.5_r4,figure8_fixed_orientation,repeatability,4,42,1.5,0.0250626566,-0.1226223689,0.7642370894,0.5226232364,1.2829715515,-1.1345352728,1.5596182217,1.4999469953
figure8_fixed_orientation_repeatability_speed1.5_r5,figure8_fixed_orientation,repeatability,5,42,1.5,0.0250626566,-0.1226223689,0.7642370894,0.5226232364,1.2829715515,-1.1345352728,1.5596182217,1.4999469953
figure8_fixed_orientation_repeatability_speed1.5_r6,figure8_fixed_orientation,repeatability,6,42,1.5,0.0250626566,-0.1226223689,0.7642370894,0.5226232364,1.2829715515,-1.1345352728,1.5596182217,1.4999469953
figure8_fixed_orientation_repeatability_speed1.5_r7,figure8_fixed_orientation,repeatability,7,42,1.5,0.0250626566,-0.1226223689,0.7642370894,0.5226232364,1.2829715515,-1.1345352728,1.5596182217,1.4999469953
figure8_fixed_orientation_repeatability_speed1.5_r8,figure8_fixed_orientation,repeatability,8,42,1.5,0.0250626566,-0.1226223689,0.7642370894,0.5226232364,1.2829715515,-1.1345352728,1.5596182217,1.4999469953
figure8_fixed_orientation_repeatability_speed1.5_r9,figure8_fixed_orientation,repeatability,9,42,1.5,0.0250626566,-0.1226223689,0.7642370894,0.5226232364,1.2829715515,-1.1345352728,1.5596182217,1.4999469953
figure8_fixed_orientation_robustness_speed0.5_c0,figure8_fixed_orientation,robustness,0,4079541861419720998,0.5,0.0250626566,-0.1010140147,1.7207873873,4.8332166717,0.0022222762,-4.2685575612,4.4953056312,2.0838575151
figure8_fixed_orientation_robustness_speed0.5_c1,figure8_fixed_orientation,robustness,0,5872426712118009951,0.5,0.0250626566,-4.3002104723,2.6146006234,-0.3322559214,1.9419795531,2.8192142988,-5.4728826247,2.0765490736
figure8_fixed_orientation_robustness_speed0.5_c2,figure8_fixed_orientation,robustness,0,6049617840022640053,0.5,0.0250626566,2.5037654458,1.5824102728,-3.2836463620,2.5524713741,2.2266061919,4.7618862260,-3.3889338451
figure8_fixed_orientation_robustness_speed0.5_c3,figure8_fixed_orientation,robustness,0,8806645068742969354,0.5,0.0250626566,5.0508915466,2.7823784235,1.0866861342,0.5566597680,-5.5216773401,2.1515362089,-1.4299313776
figure8_fixed_orientation_robustness_speed0.5_c4,figure8_fixed_orientation,robustness,0,2369412831279138374,0.5,0.0250626566,0.8409310037,0.2451101621,-5.1756351409,1.9985595188,2.2590762934,1.6768767720,-4.7250769336
figure8_fixed_orientation_robustness_speed1.0_c0,figure8_fixed_orientation,robustness,0,4079541861419720998,1.0,0.0250626566,-0.1010140147,1.7207873873,4.8332166717,0.0022222762,-4.2685575612,4.4953056312,2.0838575151
figure8_fixed_orientation_robustness_speed1.0_c1,figure8_fixed_orientation,robustness,0,5872426712118009951,1.0,0.0250626566,-4.3002104723,2.6146006234,-0.3322559214,1.9419795531,2.8192142988,-5.4728826247,2.0765490736
figure8_fixed_orientation_robustness_speed1.0_c2,figure8_fixed_orientation,robustness,0,6049617840022640053,1.0,0.0250626566,2.5037654458,1.5824102728,-3.2836463620,2.5524713741,2.2266061919,4.7618862260,-3.3889338451
figure8_fixed_orientation_robustness_speed1.0_c3,figure8_fixed_orientation,robustness,0,8806645068742969354,1.0,0.0250626566,5.0508915466,2.7823784235,1.0866861342,0.5566597680,-5.5216773401,2.1515362089,-1.4299313776
figure8_fixed_orientation_robustness_speed1.0_c4,figure8_fixed_orientation,robustness,0,2369412831279138374,1.0,0.0250626566,0.8409310037,0.2451101621,-5.1756351409,1.9985595188,2.2590762934,1.6768767720,-4.7250769336
figure8_fixed_orientation_robustness_speed1.5_c0,figure8_fixed_orientation,robustness,0,4079541861419720998,1.5,0.0250626566,-0.1010140147,1.7207873873,4.8332166717,0.0022222762,-4.2685575612,4.4953056312,2.0838575151
figure8_fixed_orientation_robustness_speed1.5_c1,figure8_fixed_orientation,robustness,0,5872426712118009951,1.5,0.0250626566,-4.3002104723,2.6146006234,-0.3322559214,1.9419795531,2.8192142988,-5.4728826247,2.0765490736
figure8_fixed_orientation_robustness_speed1.5_c2,figure8_fixed_orientation,robustness,0,6049617840022640053,1.5,0.0250626566,2.5037654458,1.5824102728,-3.2836463620,2.5524713741,2.2266061919,4.7618862260,-3.3889338451
figure8_fixed_orientation_robustness_speed1.5_c3,figure8_fixed_orientation,robustness,0,8806645068742969354,1.5,0.0250626566,5.0508915466,2.7823784235,1.0866861342,0.5566597680,-5.5216773401,2.1515362089,-1.4299313776
figure8_fixed_orientation_robustness_speed1.5_c4,figure8_fixed_orientation,robustness,0,2369412831279138374,1.5,0.0250626566,0.8409310037,0.2451101621,-5.1756351409,1.9985595188,2.2590762934,1.6768767720,-4.7250769336
figure8_variable_orientation_repeatability_speed0.5_r0,figure8_variable_orientation,repeatability,0,42,0.5,0.0250626566,-0.1226223689,0.7642370894,0.5226232364,1.2829715515,-1.1345352728,1.5596182217,1.4999469953
figure8_variable_orientation_repeatability_speed0.5_r1,figure8_variable_orientation,repeatability,1,42,0.5,0.0250626566,-0.1226223689,0.7642370894,0.5226232364,1.2829715515,-1.1345352728,1.5596182217,1.4999469953
figure8_variable_orientation_repeatability_speed0.5_r2,figure8_variable_orientation,repeatability,2,42,0.5,0.0250626566,-0.1226223689,0.7642370894,0.5226232364,1.2829715515,-1.1345352728,1.5596182217,1.4999469953
figure8_variable_orientation_repeatability_speed0.5_r3,figure8_variable_orientation,repeatability,3,42,0.5,0.0250626566,-0.1226223689,0.7642370894,0.5226232364,1.2829715515,-1.1345352728,1.5596182217,1.4999469953
figure8_variable_orientation_repeatability_speed0.5_r4,figure8_variable_orientation,repeatability,4,42,0.5,0.0250626566,-0.1226223689,0.7642370894,0.5226232364,1.2829715515,-1.1345352728,1.5596182217,1.4999469953
figure8_variable_orientation_repeatability_speed0.5_r5,figure8_variable_orientation,repeatability,5,42,0.5,0.0250626566,-0.1226223689,0.7642370894,0.5226232364,1.2829715515,-1.1345352728,1.5596182217,1.4999469953
figure8_variable_orientation_repeatability_speed0.5_r6,figure8_variable_orientation,repeatability,6,42,0.5,0.0250626566,-0.1226223689,0.7642370894,0.5226232364,1.2829715515,-1.1345352728,1.5596182217,1.4999469953
figure8_variable_orientation_repeatability_speed0.5_r7,figure8_variable_orientation,repeatability,7,42,0.5,0.0250626566,-0.1226223689,0.7642370894,0.5226232364,1.2829715515,-1.1345352728,1.5596182217,1.4999469953
figure8_variable_orientation_repeatability_speed0.5_r8,figure8_variable_orientation,repeatability,8,42,0.5,0.0250626566,-0.1226223689,0.7642370894,0.5226232364,1.2829715515,-1.1345352728,1.5596182217,1.4999469953
figure8_variable_orientation_repeatability_speed0.5_r9,figure8_variable_orientation,repeatability,9,42,0.5,0.0250626566,-0.1226223689,0.7642370894,0.5226232364,1.2829715515,-1.1345352728,1.5596182217,1.4999469953
figure8_variable_orientation_repeatability_speed1.0_r0,figure8_variable_orientation,repeatability,0,42,1.0,0.0250626566,-0.1226223689,0.7642370894,0.5226232364,1.2829715515,-1.1345352728,1.5596182217,1.4999469953
figure8_variable_orientation_repeatability_speed1.0_r1,figure8_variable_orientation,repeatability,1,42,1.0,0.0250626566,-0.1226223689,0.7642370894,0.5226232364,1.2829715515,-1.1345352728,1.5596182217,1.4999469953
figure8_variable_orientation_repeatability_speed1.0_r2,figure8_variable_orientation,repeatability,2,42,1.0,0.0250626566,-0.1226223689,0.7642370894,0.5226232364,1.2829715515,-1.1345352728,1.5596182217,1.4999469953
figure8_variable_orientation_repeatability_speed1.0_r3,figure8_variable_orientation,repeatability,3,42,1.0,0.0250626566,-0.1226223689,0.7642370894,0.5226232364,1.2829715515,-1.1345352728,1.5596182217,1.4999469953
figure8_variable_orientation_repeatability_speed1.0_r4,figure8_variable_orientation,repeatability,4,42,1.0,0.0250626566,-0.1226223689,0.7642370894,0.5226232364,1.2829715515,-1.1345352728,1.5596182217,1.4999469953
figure8_variable_orientation_repeatability_speed1.0_r5,figure8_variable_orientation,repeatability,5,42,1.0,0.0250626566,-0.1226223689,0.7642370894,0.5226232364,1.2829715515,-1.1345352728,1.5596182217,1.4999469953
figure8_variable_orientation_repeatability_speed1.0_r6,figure8_variable_orientation,repeatability,6,42,1.0,0.0250626566,-0.1226223689,0.7642370894,0.5226232364,1.2829715515,-1.1345352728,1.5596182217,1.4999469953
figure8_variable_orientation_repeatability_speed1.0_r7,figure8_variable_orientation,repeatability,7,42,1.0,0.0250626566,-0.1226223689,0.7642370894,0.5226232364,1.2829715515,-1.1345352728,1.5596182217,1.4999469953
figure8_variable_orientation_repeatability_speed1.0_r8,figure8_variable_orientation,repeatability,8,42,1.0,0.0250626566,-0.1226223689,0.7642370894,0.5226232364,1.2829715515,-1.1345352728,1.5596182217,1.4999469953
figure8_variable_orientation_repeatability_speed1.0_r9,figure8_variable_orientation,repeatability,9,42,1.0,0.0250626566,-0.1226223689,0.7642370894,0.5226232364,1.2829715515,-1.1345352728,1.5596182217,1.4999469953
figure8_variable_orientation_repeatability_speed1.5_r0,figure8_variable_orientation,repeatability,0,42,1.5,0.0250626566,-0.1226223689,0.7642370894,0.5226232364,1.2829715515,-1.1345352728,1.5596182217,1.4999469953
figure8_variable_orientation_repeatability_speed1.5_r1,figure8_variable_orientation,repeatability,1,42,1.5,0.0250626566,-0.1226223689,0.7642370894,0.5226232364,1.2829715515,-1.1345352728,1.5596182217,1.4999469953
figure8_variable_orientation_repeatability_speed1.5_r2,figure8_variable_orientation,repeatability,2,42,1.5,0.0250626566,-0.1226223689,0.7642370894,0.5226232364,1.2829715515,-1.1345352728,1.5596182217,1.4999469953
figure8_variable_orientation_repeatability_speed1.5_r3,figure8_variable_orientation,repeatability,3,42,1.5,0.0250626566,-0.1226223689,0.7642370894,0.5226232364,1.2829715515,-1.1345352728,1.5596182217,1.4999469953
figure8_variable_orientation_repeatability_speed1.5_r4,figure8_variable_orientation,repeatability,4,42,1.5,0.0250626566,-0.1226223689,0.7642370894,0.5226232364,1.2829715515,-1.1345352728,1.5596182217,1.4999469953
figure8_variable_orientation_repeatability_speed1.5_r5,figure8_variable_orientation,repeatability,5,42,1.5,0.0250626566,-0.1226223689,0.7642370894,0.5226232364,1.2829715515,-1.1345352728,1.5596182217,1.4999469953
figure8_variable_orientation_repeatability_speed1.5_r6,figure8_variable_orientation,repeatability,6,42,1.5,0.0250626566,-0.1226223689,0.7642370894,0.5226232364,1.2829715515,-1.1345352728,1.5596182217,1.4999469953
figure8_variable_orientation_repeatability_speed1.5_r7,figure8_variable_orientation,repeatability,7,42,1.5,0.0250626566,-0.1226223689,0.7642370894,0.5226232364,1.2829715515,-1.1345352728,1.5596182217,1.4999469953
figure8_variable_orientation_repeatability_speed1.5_r8,figure8_variable_orientation,repeatability,8,42,1.5,0.0250626566,-0.1226223689,0.7642370894,0.5226232364,1.2829715515,-1.1345352728,1.5596182217,1.4999469953
figure8_variable_orientation_repeatability_speed1.5_r9,figure8_variable_orientation,repeatability,9,42,1.5,0.0250626566,-0.1226223689,0.7642370894,0.5226232364,1.2829715515,-1.1345352728,1.5596182217,1.4999469953
figure8_variable_orientation_robustness_speed0.5_c0,figure8_variable_orientation,robustness,0,1185628303194874009,0.5,0.0250626566,4.0527433811,1.9705383537,2.5338023268,0.8941834019,2.5794500112,-5.5986694601,-0.8916630560
figure8_variable_orientation_robustness_speed0.5_c1,figure8_variable_orientation,robustness,0,3106028478344630332,0.5,0.0250626566,4.0191335043,-0.4838437925,3.9748644608,1.7371652022,-4.4631217934,1.6001958119,1.7856587838
figure8_variable_orientation_robustness_speed0.5_c2,figure8_variable_orientation,robustness,0,4661095197542793343,0.5,0.0250626566,2.5423472367,2.7514946481,-0.1180915714,0.9805071837,-5.4884243624,-5.5146998927,3.7760475801
figure8_variable_orientation_robustness_speed0.5_c3,figure8_variable_orientation,robustness,0,5388925462664376281,0.5,0.0250626566,-5.6516114734,0.8698032424,-1.2349338436,1.4272713250,4.8478416455,-0.5994146992,4.1174094601
figure8_variable_orientation_robustness_speed0.5_c4,figure8_variable_orientation,robustness,0,7229859009894851490,0.5,0.0250626566,4.2476250067,0.6195889384,-5.9752114093,1.0916848067,-1.3483595585,-0.5127129529,-6.0639727011
figure8_variable_orientation_robustness_speed1.0_c0,figure8_variable_orientation,robustness,0,1185628303194874009,1.0,0.0250626566,4.0527433811,1.9705383537,2.5338023268,0.8941834019,2.5794500112,-5.5986694601,-0.8916630560
figure8_variable_orientation_robustness_speed1.0_c1,figure8_variable_orientation,robustness,0,3106028478344630332,1.0,0.0250626566,4.0191335043,-0.4838437925,3.9748644608,1.7371652022,-4.4631217934,1.6001958119,1.7856587838
figure8_variable_orientation_robustness_speed1.0_c2,figure8_variable_orientation,robustness,0,4661095197542793343,1.0,0.0250626566,2.5423472367,2.7514946481,-0.1180915714,0.9805071837,-5.4884243624,-5.5146998927,3.7760475801
figure8_variable_orientation_robustness_speed1.0_c3,figure8_variable_orientation,robustness,0,5388925462664376281,1.0,0.0250626566,-5.6516114734,0.8698032424,-1.2349338436,1.4272713250,4.8478416455,-0.5994146992,4.1174094601
figure8_variable_orientation_robustness_speed1.0_c4,figure8_variable_orientation,robustness,0,7229859009894851490,1.0,0.0250626566,4.2476250067,0.6195889384,-5.9752114093,1.0916848067,-1.3483595585,-0.5127129529,-6.0639727011
figure8_variable_orientation_robustness_speed1.5_c0,figure8_variable_orientation,robustness,0,1185628303194874009,1.5,0.0250626566,4.0527433811,1.9705383537,2.5338023268,0.8941834019,2.5794500112,-5.5986694601,-0.8916630560
figure8_variable_orientation_robustness_speed1.5_c1,figure8_variable_orientation,robustness,0,3106028478344630332,1.5,0.0250626566,4.0191335043,-0.4838437925,3.9748644608,1.7371652022,-4.4631217934,1.6001958119,1.7856587838
figure8_variable_orientation_robustness_speed1.5_c2,figure8_variable_orientation,robustness,0,4661095197542793343,1.5,0.0250626566,2.5423472367,2.7514946481,-0.1180915714,0.9805071837,-5.4884243624,-5.5146998927,3.7760475801
figure8_variable_orientation_robustness_speed1.5_c3,figure8_variable_orientation,robustness,0,5388925462664376281,1.5,0.0250626566,-5.6516114734,0.8698032424,-1.2349338436,1.4272713250,4.8478416455,-0.5994146992,4.1174094601
figure8_variable_orientation_robustness_speed1.5_c4,figure8_variable_orientation,robustness,0,7229859009894851490,1.5,0.0250626566,4.2476250067,0.6195889384,-5.9752114093,1.0916848067,-1.3483595585,-0.5127129529,-6.0639727011
helix_fixed_orientation_repeatability_speed0.5_r0,helix_fixed_orientation,repeatability,0,42,0.5,0.0250626566,-0.1226223689,0.7642370894,0.5226232364,1.2829715515,-1.1345352728,1.5596182217,1.4999469953
helix_fixed_orientation_repeatability_speed0.5_r1,helix_fixed_orientation,repeatability,1,42,0.5,0.0250626566,-0.1226223689,0.7642370894,0.5226232364,1.2829715515,-1.1345352728,1.5596182217,1.4999469953
helix_fixed_orientation_repeatability_speed0.5_r2,helix_fixed_orientation,repeatability,2,42,0.5,0.0250626566,-0.1226223689,0.7642370894,0.5226232364,1.2829715515,-1.1345352728,1.5596182217,1.4999469953
helix_fixed_orientation_repeatability_speed0.5_r3,helix_fixed_orientation,repeatability,3,42,0.5,0.0250626566,-0.1226223689,0.7642370894,0.5226232364,1.2829715515,-1.1345352728,1.5596182217,1.4999469953
helix_fixed_orientation_repeatability_speed0.5_r4,helix_fixed_orientation,repeatability,4,42,0.5,0.0250626566,-0.1226223689,0.7642370894,0.5226232364,1.2829715515,-1.1345352728,1.5596182217,1.4999469953
helix_fixed_orientation_repeatability_speed0.5_r5,helix_fixed_orientation,repeatability,5,42,0.5,0.0250626566,-0.1226223689,0.7642370894,0.5226232364,1.2829715515,-1.1345352728,1.5596182217,1.4999469953
helix_fixed_orientation_repeatability_speed0.5_r6,helix_fixed_orientation,repeatability,6,42,0.5,0.0250626566,-0.1226223689,0.7642370894,0.5226232364,1.2829715515,-1.1345352728,1.5596182217,1.4999469953
helix_fixed_orientation_repeatability_speed0.5_r7,helix_fixed_orientation,repeatability,7,42,0.5,0.0250626566,-0.1226223689,0.7642370894,0.5226232364,1.2829715515,-1.1345352728,1.5596182217,1.4999469953
helix_fixed_orientation_repeatability_speed0.5_r8,helix_fixed_orientation,repeatability,8,42,0.5,0.0250626566,-0.1226223689,0.7642370894,0.5226232364,1.2829715515,-1.1345352728,1.5596182217,1.4999469953
helix_fixed_orientation_repeatability_speed0.5_r9,helix_fixed_orientation,repeatability,9,42,0.5,0.0250626566,-0.1226223689,0.7642370894,0.5226232364,1.2829715515,-1.1345352728,1.5596182217,1.4999469953
helix_fixed_orientation_repeatability_speed1.0_r0,helix_fixed_orientation,repeatability,0,42,1.0,0.0250626566,-0.1226223689,0.7642370894,0.5226232364,1.2829715515,-1.1345352728,1.5596182217,1.4999469953
helix_fixed_orientation_repeatability_speed1.0_r1,helix_fixed_orientation,repeatability,1,42,1.0,0.0250626566,-0.1226223689,0.7642370894,0.5226232364,1.2829715515,-1.1345352728,1.5596182217,1.4999469953
helix_fixed_orientation_repeatability_speed1.0_r2,helix_fixed_orientation,repeatability,2,42,1.0,0.0250626566,-0.1226223689,0.7642370894,0.5226232364,1.2829715515,-1.1345352728,1.5596182217,1.4999469953
helix_fixed_orientation_repeatability_speed1.0_r3,helix_fixed_orientation,repeatability,3,42,1.0,0.0250626566,-0.1226223689,0.7642370894,0.5226232364,1.2829715515,-1.1345352728,1.5596182217,1.4999469953
helix_fixed_orientation_repeatability_speed1.0_r4,helix_fixed_orientation,repeatability,4,42,1.0,0.0250626566,-0.1226223689,0.7642370894,0.5226232364,1.2829715515,-1.1345352728,1.5596182217,1.4999469953
helix_fixed_orientation_repeatability_speed1.0_r5,helix_fixed_orientation,repeatability,5,42,1.0,0.0250626566,-0.1226223689,0.7642370894,0.5226232364,1.2829715515,-1.1345352728,1.5596182217,1.4999469953
helix_fixed_orientation_repeatability_speed1.0_r6,helix_fixed_orientation,repeatability,6,42,1.0,0.0250626566,-0.1226223689,0.7642370894,0.5226232364,1.2829715515,-1.1345352728,1.5596182217,1.4999469953
helix_fixed_orientation_repeatability_speed1.0_r7,helix_fixed_orientation,repeatability,7,42,1.0,0.0250626566,-0.1226223689,0.7642370894,0.5226232364,1.2829715515,-1.1345352728,1.5596182217,1.4999469953
helix_fixed_orientation_repeatability_speed1.0_r8,helix_fixed_orientation,repeatability,8,42,1.0,0.0250626566,-0.1226223689,0.7642370894,0.5226232364,1.2829715515,-1.1345352728,1.5596182217,1.4999469953
helix_fixed_orientation_repeatability_speed1.0_r9,helix_fixed_orientation,repeatability,9,42,1.0,0.0250626566,-0.1226223689,0.7642370894,0.5226232364,1.2829715515,-1.1345352728,1.5596182217,1.4999469953
helix_fixed_orientation_repeatability_speed1.5_r0,helix_fixed_orientation,repeatability,0,42,1.5,0.0250626566,-0.1226223689,0.7642370894,0.5226232364,1.2829715515,-1.1345352728,1.5596182217,1.4999469953
helix_fixed_orientation_repeatability_speed1.5_r1,helix_fixed_orientation,repeatability,1,42,1.5,0.0250626566,-0.1226223689,0.7642370894,0.5226232364,1.2829715515,-1.1345352728,1.5596182217,1.4999469953
helix_fixed_orientation_repeatability_speed1.5_r2,helix_fixed_orientation,repeatability,2,42,1.5,0.0250626566,-0.1226223689,0.7642370894,0.5226232364,1.2829715515,-1.1345352728,1.5596182217,1.4999469953
helix_fixed_orientation_repeatability_speed1.5_r3,helix_fixed_orientation,repeatability,3,42,1.5,0.0250626566,-0.1226223689,0.7642370894,0.5226232364,1.2829715515,-1.1345352728,1.5596182217,1.4999469953
helix_fixed_orientation_repeatability_speed1.5_r4,helix_fixed_orientation,repeatability,4,42,1.5,0.0250626566,-0.1226223689,0.7642370894,0.5226232364,1.2829715515,-1.1345352728,1.5596182217,1.4999469953
helix_fixed_orientation_repeatability_speed1.5_r5,helix_fixed_orientation,repeatability,5,42,1.5,0.0250626566,-0.1226223689,0.7642370894,0.5226232364,1.2829715515,-1.1345352728,1.5596182217,1.4999469953
helix_fixed_orientation_repeatability_speed1.5_r6,helix_fixed_orientation,repeatability,6,42,1.5,0.0250626566,-0.1226223689,0.7642370894,0.5226232364,1.2829715515,-1.1345352728,1.5596182217,1.4999469953
helix_fixed_orientation_repeatability_speed1.5_r7,helix_fixed_orientation,repeatability,7,42,1.5,0.0250626566,-0.1226223689,0.7642370894,0.5226232364,1.2829715515,-1.1345352728,1.5596182217,1.4999469953
helix_fixed_orientation_repeatability_speed1.5_r8,helix_fixed_orientation,repeatability,8,42,1.5,0.0250626566,-0.1226223689,0.7642370894,0.5226232364,1.2829715515,-1.1345352728,1.5596182217,1.4999469953
helix_fixed_orientation_repeatability_speed1.5_r9,helix_fixed_orientation,repeatability,9,42,1.5,0.0250626566,-0.1226223689,0.7642370894,0.5226232364,1.2829715515,-1.1345352728,1.5596182217,1.4999469953
helix_fixed_orientation_robustness_speed0.5_c0,helix_fixed_orientation,robustness,0,3021117954309977859,0.5,0.0250626566,0.2553894538,0.7151934428,-4.2544515581,1.5903392361,1.5847824895,-4.8921986825,0.9017061366
helix_fixed_orientation_robustness_speed0.5_c1,helix_fixed_orientation,robustness,0,4659512194868028231,0.5,0.0250626566,2.6586374928,2.5807780260,4.7365607977,-1.0094671628,4.7443269339,1.1540900037,3.5365113056
helix_fixed_orientation_robustness_speed0.5_c2,helix_fixed_orientation,robustness,0,5790641820120978067,0.5,0.0250626566,1.1597893738,1.1527408744,4.6563195917,2.0974419009,0.3272317901,-2.2815204008,4.5163778379
helix_fixed_orientation_robustness_speed0.5_c3,helix_fixed_orientation,robustness,0,4629063040652902195,0.5,0.0250626566,-4.8995517296,1.8800174733,2.3702363503,2.1936317731,1.6961205860,-3.9271331429,0.1435304820
helix_fixed_orientation_robustness_speed0.5_c4,helix_fixed_orientation,robustness,0,4765056495631311113,0.5,0.0250626566,0.6839704985,2.1855790170,4.1170761141,1.3664736999,5.1787586968,5.1884970075,4.9675839687
helix_fixed_orientation_robustness_speed1.0_c0,helix_fixed_orientation,robustness,0,3021117954309977859,1.0,0.0250626566,0.2553894538,0.7151934428,-4.2544515581,1.5903392361,1.5847824895,-4.8921986825,0.9017061366
helix_fixed_orientation_robustness_speed1.0_c1,helix_fixed_orientation,robustness,0,4659512194868028231,1.0,0.0250626566,2.6586374928,2.5807780260,4.7365607977,-1.0094671628,4.7443269339,1.1540900037,3.5365113056
helix_fixed_orientation_robustness_speed1.0_c2,helix_fixed_orientation,robustness,0,5790641820120978067,1.0,0.0250626566,1.1597893738,1.1527408744,4.6563195917,2.0974419009,0.3272317901,-2.2815204008,4.5163778379
helix_fixed_orientation_robustness_speed1.0_c3,helix_fixed_orientation,robustness,0,4629063040652902195,1.0,0.0250626566,-4.8995517296,1.8800174733,2.3702363503,2.1936317731,1.6961205860,-3.9271331429,0.1435304820
helix_fixed_orientation_robustness_speed1.0_c4,helix_fixed_orientation,robustness,0,4765056495631311113,1.0,0.0250626566,0.6839704985,2.1855790170,4.1170761141,1.3664736999,5.1787586968,5.1884970075,4.9675839687
helix_fixed_orientation_robustness_speed1.5_c0,helix_fixed_orientation,robustness,0,3021117954309977859,1.5,0.0250626566,0.2553894538,0.7151934428,-4.2544515581,1.5903392361,1.5847824895,-4.8921986825,0.9017061366
helix_fixed_orientation_robustness_speed1.5_c1,helix_fixed_orientation,robustness,0,4659512194868028231,1.5,0.0250626566,2.6586374928,2.5807780260,4.7365607977,-1.0094671628,4.7443269339,1.1540900037,3.5365113056
helix_fixed_orientation_robustness_speed1.5_c2,helix_fixed_orientation,robustness,0,5790641820120978067,1.5,0.0250626566,1.1597893738,1.1527408744,4.6563195917,2.0974419009,0.3272317901,-2.2815204008,4.5163778379
helix_fixed_orientation_robustness_speed1.5_c3,helix_fixed_orientation,robustness,0,4629063040652902195,1.5,0.0250626566,-4.8995517296,1.8800174733,2.3702363503,2.1936317731,1.6961205860,-3.9271331429,0.1435304820
helix_fixed_orientation_robustness_speed1.5_c4,helix_fixed_orientation,robustness,0,4765056495631311113,1.5,0.0250626566,0.6839704985,2.1855790170,4.1170761141,1.3664736999,5.1787586968,5.1884970075,4.9675839687
helix_variable_orientation_repeatability_speed0.5_r0,helix_variable_orientation,repeatability,0,42,0.5,0.0250626566,-0.1226223689,0.7642370894,0.5226232364,1.2829715515,-1.1345352728,1.5596182217,1.4999469953
helix_variable_orientation_repeatability_speed0.5_r1,helix_variable_orientation,repeatability,1,42,0.5,0.0250626566,-0.1226223689,0.7642370894,0.5226232364,1.2829715515,-1.1345352728,1.5596182217,1.4999469953
helix_variable_orientation_repeatability_speed0.5_r2,helix_variable_orientation,repeatability,2,42,0.5,0.0250626566,-0.1226223689,0.7642370894,0.5226232364,1.2829715515,-1.1345352728,1.5596182217,1.4999469953
helix_variable_orientation_repeatability_speed0.5_r3,helix_variable_orientation,repeatability,3,42,0.5,0.0250626566,-0.1226223689,0.7642370894,0.5226232364,1.2829715515,-1.1345352728,1.5596182217,1.4999469953
helix_variable_orientation_repeatability_speed0.5_r4,helix_variable_orientation,repeatability,4,42,0.5,0.0250626566,-0.1226223689,0.7642370894,0.5226232364,1.2829715515,-1.1345352728,1.5596182217,1.4999469953
helix_variable_orientation_repeatability_speed0.5_r5,helix_variable_orientation,repeatability,5,42,0.5,0.0250626566,-0.1226223689,0.7642370894,0.5226232364,1.2829715515,-1.1345352728,1.5596182217,1.4999469953
helix_variable_orientation_repeatability_speed0.5_r6,helix_variable_orientation,repeatability,6,42,0.5,0.0250626566,-0.1226223689,0.7642370894,0.5226232364,1.2829715515,-1.1345352728,1.5596182217,1.4999469953
helix_variable_orientation_repeatability_speed0.5_r7,helix_variable_orientation,repeatability,7,42,0.5,0.0250626566,-0.1226223689,0.7642370894,0.5226232364,1.2829715515,-1.1345352728,1.5596182217,1.4999469953
helix_variable_orientation_repeatability_speed0.5_r8,helix_variable_orientation,repeatability,8,42,0.5,0.0250626566,-0.1226223689,0.7642370894,0.5226232364,1.2829715515,-1.1345352728,1.5596182217,1.4999469953
helix_variable_orientation_repeatability_speed0.5_r9,helix_variable_orientation,repeatability,9,42,0.5,0.0250626566,-0.1226223689,0.7642370894,0.5226232364,1.2829715515,-1.1345352728,1.5596182217,1.4999469953
helix_variable_orientation_repeatability_speed1.0_r0,helix_variable_orientation,repeatability,0,42,1.0,0.0250626566,-0.1226223689,0.7642370894,0.5226232364,1.2829715515,-1.1345352728,1.5596182217,1.4999469953
helix_variable_orientation_repeatability_speed1.0_r1,helix_variable_orientation,repeatability,1,42,1.0,0.0250626566,-0.1226223689,0.7642370894,0.5226232364,1.2829715515,-1.1345352728,1.5596182217,1.4999469953
helix_variable_orientation_repeatability_speed1.0_r2,helix_variable_orientation,repeatability,2,42,1.0,0.0250626566,-0.1226223689,0.7642370894,0.5226232364,1.2829715515,-1.1345352728,1.5596182217,1.4999469953
helix_variable_orientation_repeatability_speed1.0_r3,helix_variable_orientation,repeatability,3,42,1.0,0.0250626566,-0.1226223689,0.7642370894,0.5226232364,1.2829715515,-1.1345352728,1.5596182217,1.4999469953
helix_variable_orientation_repeatability_speed1.0_r4,helix_variable_orientation,repeatability,4,42,1.0,0.0250626566,-0.1226223689,0.7642370894,0.5226232364,1.2829715515,-1.1345352728,1.5596182217,1.4999469953
helix_variable_orientation_repeatability_speed1.0_r5,helix_variable_orientation,repeatability,5,42,1.0,0.0250626566,-0.1226223689,0.7642370894,0.5226232364,1.2829715515,-1.1345352728,1.5596182217,1.4999469953
helix_variable_orientation_repeatability_speed1.0_r6,helix_variable_orientation,repeatability,6,42,1.0,0.0250626566,-0.1226223689,0.7642370894,0.5226232364,1.2829715515,-1.1345352728,1.5596182217,1.4999469953
helix_variable_orientation_repeatability_speed1.0_r7,helix_variable_orientation,repeatability,7,42,1.0,0.0250626566,-0.1226223689,0.7642370894,0.5226232364,1.2829715515,-1.1345352728,1.5596182217,1.4999469953
helix_variable_orientation_repeatability_speed1.0_r8,helix_variable_orientation,repeatability,8,42,1.0,0.0250626566,-0.1226223689,0.7642370894,0.5226232364,1.2829715515,-1.1345352728,1.5596182217,1.4999469953
helix_variable_orientation_repeatability_speed1.0_r9,helix_variable_orientation,repeatability,9,42,1.0,0.0250626566,-0.1226223689,0.7642370894,0.5226232364,1.2829715515,-1.1345352728,1.5596182217,1.4999469953
helix_variable_orientation_repeatability_speed1.5_r0,helix_variable_orientation,repeatability,0,42,1.5,0.0250626566,-0.1226223689,0.7642370894,0.5226232364,1.2829715515,-1.1345352728,1.5596182217,1.4999469953
helix_variable_orientation_repeatability_speed1.5_r1,helix_variable_orientation,repeatability,1,42,1.5,0.0250626566,-0.1226223689,0.7642370894,0.5226232364,1.2829715515,-1.1345352728,1.5596182217,1.4999469953
helix_variable_orientation_repeatability_speed1.5_r2,helix_variable_orientation,repeatability,2,42,1.5,0.0250626566,-0.1226223689,0.7642370894,0.5226232364,1.2829715515,-1.1345352728,1.5596182217,1.4999469953
helix_variable_orientation_repeatability_speed1.5_r3,helix_variable_orientation,repeatability,3,42,1.5,0.0250626566,-0.1226223689,0.7642370894,0.5226232364,1.2829715515,-1.1345352728,1.5596182217,1.4999469953
helix_variable_orientation_repeatability_speed1.5_r4,helix_variable_orientation,repeatability,4,42,1.5,0.0250626566,-0.1226223689,0.7642370894,0.5226232364,1.2829715515,-1.1345352728,1.5596182217,1.4999469953
helix_variable_orientation_repeatability_speed1.5_r5,helix_variable_orientation,repeatability,5,42,1.5,0.0250626566,-0.1226223689,0.7642370894,0.5226232364,1.2829715515,-1.1345352728,1.5596182217,1.4999469953
helix_variable_orientation_repeatability_speed1.5_r6,helix_variable_orientation,repeatability,6,42,1.5,0.0250626566,-0.1226223689,0.7642370894,0.5226232364,1.2829715515,-1.1345352728,1.5596182217,1.4999469953
helix_variable_orientation_repeatability_speed1.5_r7,helix_variable_orientation,repeatability,7,42,1.5,0.0250626566,-0.1226223689,0.7642370894,0.5226232364,1.2829715515,-1.1345352728,1.5596182217,1.4999469953
helix_variable_orientation_repeatability_speed1.5_r8,helix_variable_orientation,repeatability,8,42,1.5,0.0250626566,-0.1226223689,0.7642370894,0.5226232364,1.2829715515,-1.1345352728,1.5596182217,1.4999469953
helix_variable_orientation_repeatability_speed1.5_r9,helix_variable_orientation,repeatability,9,42,1.5,0.0250626566,-0.1226223689,0.7642370894,0.5226232364,1.2829715515,-1.1345352728,1.5596182217,1.4999469953
helix_variable_orientation_robustness_speed0.5_c0,helix_variable_orientation,robustness,0,4150540820175371033,0.5,0.0250626566,2.4055861660,1.0535465355,-5.3360282066,1.5461661077,5.9480275843,-0.4885925787,5.9047491289
helix_variable_orientation_robustness_speed0.5_c1,helix_variable_orientation,robustness,0,6739590275725077538,0.5,0.0250626566,3.8292419404,2.8545857998,-1.7211997466,1.6658851682,4.1119185474,5.8536751514,-0.2237531454
helix_variable_orientation_robustness_speed0.5_c2,helix_variable_orientation,robustness,0,4040839822562269114,0.5,0.0250626566,4.5295965942,1.9067645662,-4.7362094200,0.0592872326,-5.4182889173,-1.9165397317,4.8618593336
helix_variable_orientation_robustness_speed0.5_c3,helix_variable_orientation,robustness,0,4593656416361237023,0.5,0.0250626566,-4.6294317891,0.0237441288,0.7351295006,2.4383005448,0.9177221788,-1.3713102644,-2.4865032222
helix_variable_orientation_robustness_speed0.5_c4,helix_variable_orientation,robustness,0,3238171104419899979,0.5,0.0250626566,-2.4288369799,1.5994865822,-4.1411108422,0.5896747347,5.6335716161,1.5502234736,3.6176574701
helix_variable_orientation_robustness_speed1.0_c0,helix_variable_orientation,robustness,0,4150540820175371033,1.0,0.0250626566,2.4055861660,1.0535465355,-5.3360282066,1.5461661077,5.9480275843,-0.4885925787,5.9047491289
helix_variable_orientation_robustness_speed1.0_c1,helix_variable_orientation,robustness,0,6739590275725077538,1.0,0.0250626566,3.8292419404,2.8545857998,-1.7211997466,1.6658851682,4.1119185474,5.8536751514,-0.2237531454
helix_variable_orientation_robustness_speed1.0_c2,helix_variable_orientation,robustness,0,4040839822562269114,1.0,0.0250626566,4.5295965942,1.9067645662,-4.7362094200,0.0592872326,-5.4182889173,-1.9165397317,4.8618593336
helix_variable_orientation_robustness_speed1.0_c3,helix_variable_orientation,robustness,0,4593656416361237023,1.0,0.0250626566,-4.6294317891,0.0237441288,0.7351295006,2.4383005448,0.9177221788,-1.3713102644,-2.4865032222
helix_variable_orientation_robustness_speed1.0_c4,helix_variable_orientation,robustness,0,3238171104419899979,1.0,0.0250626566,-2.4288369799,1.5994865822,-4.1411108422,0.5896747347,5.6335716161,1.5502234736,3.6176574701
helix_variable_orientation_robustness_speed1.5_c0,helix_variable_orientation,robustness,0,4150540820175371033,1.5,0.0250626566,2.4055861660,1.0535465355,-5.3360282066,1.5461661077,5.9480275843,-0.4885925787,5.9047491289
helix_variable_orientation_robustness_speed1.5_c1,helix_variable_orientation,robustness,0,6739590275725077538,1.5,0.0250626566,3.8292419404,2.8545857998,-1.7211997466,1.6658851682,4.1119185474,5.8536751514,-0.2237531454
helix_variable_orientation_robustness_speed1.5_c2,helix_variable_orientation,robustness,0,4040839822562269114,1.5,0.0250626566,4.5295965942,1.9067645662,-4.7362094200,0.0592872326,-5.4182889173,-1.9165397317,4.8618593336
helix_variable_orientation_robustness_speed1.5_c3,helix_variable_orientation,robustness,0,4593656416361237023,1.5,0.0250626566,-4.6294317891,0.0237441288,0.7351295006,2.4383005448,0.9177221788,-1.3713102644,-2.4865032222
helix_variable_orientation_robustness_speed1.5_c4,helix_variable_orientation,robustness,0,3238171104419899979,1.5,0.0250626566,-2.4288369799,1.5994865822,-4.1411108422,0.5896747347,5.6335716161,1.5502234736,3.6176574701
line_fixed_orientation_repeatability_speed0.5_r0,line_fixed_orientation,repeatability,0,42,0.5,0.0250626566,-0.1226223689,0.7642370894,0.5226232364,1.2829715515,-1.1345352728,1.5596182217,1.4999469953
line_fixed_orientation_repeatability_speed0.5_r1,line_fixed_orientation,repeatability,1,42,0.5,0.0250626566,-0.1226223689,0.7642370894,0.5226232364,1.2829715515,-1.1345352728,1.5596182217,1.4999469953
line_fixed_orientation_repeatability_speed0.5_r2,line_fixed_orientation,repeatability,2,42,0.5,0.0250626566,-0.1226223689,0.7642370894,0.5226232364,1.2829715515,-1.1345352728,1.5596182217,1.4999469953
line_fixed_orientation_repeatability_speed0.5_r3,line_fixed_orientation,repeatability,3,42,0.5,0.0250626566,-0.1226223689,0.7642370894,0.5226232364,1.2829715515,-1.1345352728,1.5596182217,1.4999469953
line_fixed_orientation_repeatability_speed0.5_r4,line_fixed_orientation,repeatability,4,42,0.5,0.0250626566,-0.1226223689,0.7642370894,0.5226232364,1.2829715515,-1.1345352728,1.5596182217,1.4999469953
line_fixed_orientation_repeatability_speed0.5_r5,line_fixed_orientation,repeatability,5,42,0.5,0.0250626566,-0.1226223689,0.7642370894,0.5226232364,1.2829715515,-1.1345352728,1.5596182217,1.4999469953
line_fixed_orientation_repeatability_speed0.5_r6,line_fixed_orientation,repeatability,6,42,0.5,0.0250626566,-0.1226223689,0.7642370894,0.5226232364,1.2829715515,-1.1345352728,1.5596182217,1.4999469953
line_fixed_orientation_repeatability_speed0.5_r7,line_fixed_orientation,repeatability,7,42,0.5,0.0250626566,-0.1226223689,0.7642370894,0.5226232364,1.2829715515,-1.1345352728,1.5596182217,1.4999469953
line_fixed_orientation_repeatability_speed0.5_r8,line_fixed_orientation,repeatability,8,42,0.5,0.0250626566,-0.1226223689,0.7642370894,0.5226232364,1.2829715515,-1.1345352728,1.5596182217,1.4999469953
line_fixed_orientation_repeatability_speed0.5_r9,line_fixed_orientation,repeatability,9,42,0.5,0.0250626566,-0.1226223689,0.7642370894,0.5226232364,1.2829715515,-1.1345352728,1.5596182217,1.4999469953
line_fixed_orientation_repeatability_speed1.0_r0,line_fixed_orientation,repeatability,0,42,1.0,0.0250626566,-0.1226223689,0.7642370894,0.5226232364,1.2829715515,-1.1345352728,1.5596182217,1.4999469953
line_fixed_orientation_repeatability_speed1.0_r1,line_fixed_orientation,repeatability,1,42,1.0,0.0250626566,-0.1226223689,0.7642370894,0.5226232364,1.2829715515,-1.1345352728,1.5596182217,1.4999469953
line_fixed_orientation_repeatability_speed1.0_r2,line_fixed_orientation,repeatability,2,42,1.0,0.0250626566,-0.1226223689,0.7642370894,0.5226232364,1.2829715515,-1.1345352728,1.5596182217,1.4999469953
line_fixed_orientation_repeatability_speed1.0_r3,line_fixed_orientation,repeatability,3,42,1.0,0.0250626566,-0.1226223689,0.7642370894,0.5226232364,1.2829715515,-1.1345352728,1.5596182217,1.4999469953
line_fixed_orientation_repeatability_speed1.0_r4,line_fixed_orientation,repeatability,4,42,1.0,0.0250626566,-0.1226223689,0.7642370894,0.5226232364,1.2829715515,-1.1345352728,1.5596182217,1.4999469953
line_fixed_orientation_repeatability_speed1.0_r5,line_fixed_orientation,repeatability,5,42,1.0,0.0250626566,-0.1226223689,0.7642370894,0.5226232364,1.2829715515,-1.1345352728,1.5596182217,1.4999469953
line_fixed_orientation_repeatability_speed1.0_r6,line_fixed_orientation,repeatability,6,42,1.0,0.0250626566,-0.1226223689,0.7642370894,0.5226232364,1.2829715515,-1.1345352728,1.5596182217,1.4999469953
line_fixed_orientation_repeatability_speed1.0_r7,line_fixed_orientation,repeatability,7,42,1.0,0.0250626566,-0.1226223689,0.7642370894,0.5226232364,1.2829715515,-1.1345352728,1.5596182217,1.4999469953
line_fixed_orientation_repeatability_speed1.0_r8,line_fixed_orientation,repeatability,8,42,1.0,0.0250626566,-0.1226223689,0.7642370894,0.5226232364,1.2829715515,-1.1345352728,1.5596182217,1.4999469953
line_fixed_orientation_repeatability_speed1.0_r9,line_fixed_orientation,repeatability,9,42,1.0,0.0250626566,-0.1226223689,0.7642370894,0.5226232364,1.2829715515,-1.1345352728,1.5596182217,1.4999469953
line_fixed_orientation_repeatability_speed1.5_r0,line_fixed_orientation,repeatability,0,42,1.5,0.0250626566,-0.1226223689,0.7642370894,0.5226232364,1.2829715515,-1.1345352728,1.5596182217,1.4999469953
line_fixed_orientation_repeatability_speed1.5_r1,line_fixed_orientation,repeatability,1,42,1.5,0.0250626566,-0.1226223689,0.7642370894,0.5226232364,1.2829715515,-1.1345352728,1.5596182217,1.4999469953
line_fixed_orientation_repeatability_speed1.5_r2,line_fixed_orientation,repeatability,2,42,1.5,0.0250626566,-0.1226223689,0.7642370894,0.5226232364,1.2829715515,-1.1345352728,1.5596182217,1.4999469953
line_fixed_orientation_repeatability_speed1.5_r3,line_fixed_orientation,repeatability,3,42,1.5,0.0250626566,-0.1226223689,0.7642370894,0.5226232364,1.2829715515,-1.1345352728,1.5596182217,1.4999469953
line_fixed_orientation_repeatability_speed1.5_r4,line_fixed_orientation,repeatability,4,42,1.5,0.0250626566,-0.1226223689,0.7642370894,0.5226232364,1.2829715515,-1.1345352728,1.5596182217,1.4999469953
line_fixed_orientation_repeatability_speed1.5_r5,line_fixed_orientation,repeatability,5,42,1.5,0.0250626566,-0.1226223689,0.7642370894,0.5226232364,1.2829715515,-1.1345352728,1.5596182217,1.4999469953
line_fixed_orientation_repeatability_speed1.5_r6,line_fixed_orientation,repeatability,6,42,1.5,0.0250626566,-0.1226223689,0.7642370894,0.5226232364,1.2829715515,-1.1345352728,1.5596182217,1.4999469953
line_fixed_orientation_repeatability_speed1.5_r7,line_fixed_orientation,repeatability,7,42,1.5,0.0250626566,-0.1226223689,0.7642370894,0.5226232364,1.2829715515,-1.1345352728,1.5596182217,1.4999469953
line_fixed_orientation_repeatability_speed1.5_r8,line_fixed_orientation,repeatability,8,42,1.5,0.0250626566,-0.1226223689,0.7642370894,0.5226232364,1.2829715515,-1.1345352728,1.5596182217,1.4999469953
line_fixed_orientation_repeatability_speed1.5_r9,line_fixed_orientation,repeatability,9,42,1.5,0.0250626566,-0.1226223689,0.7642370894,0.5226232364,1.2829715515,-1.1345352728,1.5596182217,1.4999469953
line_fixed_orientation_robustness_speed0.5_c0,line_fixed_orientation,robustness,0,3732251593268149441,0.5,0.0250626566,-3.0115211298,1.6328329250,1.9099544720,2.7381001633,2.1765634892,2.1265250275,-2.6296773848
line_fixed_orientation_robustness_speed0.5_c1,line_fixed_orientation,robustness,0,6504707629684010165,0.5,0.0250626566,-4.0905548176,2.4072262831,-5.1847536064,0.4690634409,1.9770989208,6.0732422451,-1.0535773973
line_fixed_orientation_robustness_speed0.5_c2,line_fixed_orientation,robustness,0,1110177727092263934,0.5,0.0250626566,-2.2897504446,1.7114520209,-4.3966802854,0.9028103852,4.4492404286,5.7102779651,2.3323199438
line_fixed_orientation_robustness_speed0.5_c3,line_fixed_orientation,robustness,0,6291264540805105888,0.5,0.0250626566,3.9153757504,-0.7353991376,4.3179628940,1.9924555346,-1.2352121697,0.2565537916,-1.8299946628
line_fixed_orientation_robustness_speed0.5_c4,line_fixed_orientation,robustness,0,1021393777164662771,0.5,0.0250626566,-0.3729584458,0.1012248979,-4.9195560030,1.9751656051,-3.6378635480,3.2178569165,-5.9308109152
line_fixed_orientation_robustness_speed1.0_c0,line_fixed_orientation,robustness,0,3732251593268149441,1.0,0.0250626566,-3.0115211298,1.6328329250,1.9099544720,2.7381001633,2.1765634892,2.1265250275,-2.6296773848
line_fixed_orientation_robustness_speed1.0_c1,line_fixed_orientation,robustness,0,6504707629684010165,1.0,0.0250626566,-4.0905548176,2.4072262831,-5.1847536064,0.4690634409,1.9770989208,6.0732422451,-1.0535773973
line_fixed_orientation_robustness_speed1.0_c2,line_fixed_orientation,robustness,0,1110177727092263934,1.0,0.0250626566,-2.2897504446,1.7114520209,-4.3966802854,0.9028103852,4.4492404286,5.7102779651,2.3323199438
line_fixed_orientation_robustness_speed1.0_c3,line_fixed_orientation,robustness,0,6291264540805105888,1.0,0.0250626566,3.9153757504,-0.7353991376,4.3179628940,1.9924555346,-1.2352121697,0.2565537916,-1.8299946628
line_fixed_orientation_robustness_speed1.0_c4,line_fixed_orientation,robustness,0,1021393777164662771,1.0,0.0250626566,-0.3729584458,0.1012248979,-4.9195560030,1.9751656051,-3.6378635480,3.2178569165,-5.9308109152
line_fixed_orientation_robustness_speed1.5_c0,line_fixed_orientation,robustness,0,3732251593268149441,1.5,0.0250626566,-3.0115211298,1.6328329250,1.9099544720,2.7381001633,2.1765634892,2.1265250275,-2.6296773848
line_fixed_orientation_robustness_speed1.5_c1,line_fixed_orientation,robustness,0,6504707629684010165,1.5,0.0250626566,-4.0905548176,2.4072262831,-5.1847536064,0.4690634409,1.9770989208,6.0732422451,-1.0535773973
line_fixed_orientation_robustness_speed1.5_c2,line_fixed_orientation,robustness,0,1110177727092263934,1.5,0.0250626566,-2.2897504446,1.7114520209,-4.3966802854,0.9028103852,4.4492404286,5.7102779651,2.3323199438
line_fixed_orientation_robustness_speed1.5_c3,line_fixed_orientation,robustness,0,6291264540805105888,1.5,0.0250626566,3.9153757504,-0.7353991376,4.3179628940,1.9924555346,-1.2352121697,0.2565537916,-1.8299946628
line_fixed_orientation_robustness_speed1.5_c4,line_fixed_orientation,robustness,0,1021393777164662771,1.5,0.0250626566,-0.3729584458,0.1012248979,-4.9195560030,1.9751656051,-3.6378635480,3.2178569165,-5.9308109152
line_variable_orientation_repeatability_speed0.5_r0,line_variable_orientation,repeatability,0,42,0.5,0.0250626566,-0.1226223689,0.7642370894,0.5226232364,1.2829715515,-1.1345352728,1.5596182217,1.4999469953
line_variable_orientation_repeatability_speed0.5_r1,line_variable_orientation,repeatability,1,42,0.5,0.0250626566,-0.1226223689,0.7642370894,0.5226232364,1.2829715515,-1.1345352728,1.5596182217,1.4999469953
line_variable_orientation_repeatability_speed0.5_r2,line_variable_orientation,repeatability,2,42,0.5,0.0250626566,-0.1226223689,0.7642370894,0.5226232364,1.2829715515,-1.1345352728,1.5596182217,1.4999469953
line_variable_orientation_repeatability_speed0.5_r3,line_variable_orientation,repeatability,3,42,0.5,0.0250626566,-0.1226223689,0.7642370894,0.5226232364,1.2829715515,-1.1345352728,1.5596182217,1.4999469953
line_variable_orientation_repeatability_speed0.5_r4,line_variable_orientation,repeatability,4,42,0.5,0.0250626566,-0.1226223689,0.7642370894,0.5226232364,1.2829715515,-1.1345352728,1.5596182217,1.4999469953
line_variable_orientation_repeatability_speed0.5_r5,line_variable_orientation,repeatability,5,42,0.5,0.0250626566,-0.1226223689,0.7642370894,0.5226232364,1.2829715515,-1.1345352728,1.5596182217,1.4999469953
line_variable_orientation_repeatability_speed0.5_r6,line_variable_orientation,repeatability,6,42,0.5,0.0250626566,-0.1226223689,0.7642370894,0.5226232364,1.2829715515,-1.1345352728,1.5596182217,1.4999469953
line_variable_orientation_repeatability_speed0.5_r7,line_variable_orientation,repeatability,7,42,0.5,0.0250626566,-0.1226223689,0.7642370894,0.5226232364,1.2829715515,-1.1345352728,1.5596182217,1.4999469953
line_variable_orientation_repeatability_speed0.5_r8,line_variable_orientation,repeatability,8,42,0.5,0.0250626566,-0.1226223689,0.7642370894,0.5226232364,1.2829715515,-1.1345352728,1.5596182217,1.4999469953
line_variable_orientation_repeatability_speed0.5_r9,line_variable_orientation,repeatability,9,42,0.5,0.0250626566,-0.1226223689,0.7642370894,0.5226232364,1.2829715515,-1.1345352728,1.5596182217,1.4999469953
line_variable_orientation_repeatability_speed1.0_r0,line_variable_orientation,repeatability,0,42,1.0,0.0250626566,-0.1226223689,0.7642370894,0.5226232364,1.2829715515,-1.1345352728,1.5596182217,1.4999469953
line_variable_orientation_repeatability_speed1.0_r1,line_variable_orientation,repeatability,1,42,1.0,0.0250626566,-0.1226223689,0.7642370894,0.5226232364,1.2829715515,-1.1345352728,1.5596182217,1.4999469953
line_variable_orientation_repeatability_speed1.0_r2,line_variable_orientation,repeatability,2,42,1.0,0.0250626566,-0.1226223689,0.7642370894,0.5226232364,1.2829715515,-1.1345352728,1.5596182217,1.4999469953
line_variable_orientation_repeatability_speed1.0_r3,line_variable_orientation,repeatability,3,42,1.0,0.0250626566,-0.1226223689,0.7642370894,0.5226232364,1.2829715515,-1.1345352728,1.5596182217,1.4999469953
line_variable_orientation_repeatability_speed1.0_r4,line_variable_orientation,repeatability,4,42,1.0,0.0250626566,-0.1226223689,0.7642370894,0.5226232364,1.2829715515,-1.1345352728,1.5596182217,1.4999469953
line_variable_orientation_repeatability_speed1.0_r5,line_variable_orientation,repeatability,5,42,1.0,0.0250626566,-0.1226223689,0.7642370894,0.5226232364,1.2829715515,-1.1345352728,1.5596182217,1.4999469953
line_variable_orientation_repeatability_speed1.0_r6,line_variable_orientation,repeatability,6,42,1.0,0.0250626566,-0.1226223689,0.7642370894,0.5226232364,1.2829715515,-1.1345352728,1.5596182217,1.4999469953
line_variable_orientation_repeatability_speed1.0_r7,line_variable_orientation,repeatability,7,42,1.0,0.0250626566,-0.1226223689,0.7642370894,0.5226232364,1.2829715515,-1.1345352728,1.5596182217,1.4999469953
line_variable_orientation_repeatability_speed1.0_r8,line_variable_orientation,repeatability,8,42,1.0,0.0250626566,-0.1226223689,0.7642370894,0.5226232364,1.2829715515,-1.1345352728,1.5596182217,1.4999469953
line_variable_orientation_repeatability_speed1.0_r9,line_variable_orientation,repeatability,9,42,1.0,0.0250626566,-0.1226223689,0.7642370894,0.5226232364,1.2829715515,-1.1345352728,1.5596182217,1.4999469953
line_variable_orientation_repeatability_speed1.5_r0,line_variable_orientation,repeatability,0,42,1.5,0.0250626566,-0.1226223689,0.7642370894,0.5226232364,1.2829715515,-1.1345352728,1.5596182217,1.4999469953
line_variable_orientation_repeatability_speed1.5_r1,line_variable_orientation,repeatability,1,42,1.5,0.0250626566,-0.1226223689,0.7642370894,0.5226232364,1.2829715515,-1.1345352728,1.5596182217,1.4999469953
line_variable_orientation_repeatability_speed1.5_r2,line_variable_orientation,repeatability,2,42,1.5,0.0250626566,-0.1226223689,0.7642370894,0.5226232364,1.2829715515,-1.1345352728,1.5596182217,1.4999469953
line_variable_orientation_repeatability_speed1.5_r3,line_variable_orientation,repeatability,3,42,1.5,0.0250626566,-0.1226223689,0.7642370894,0.5226232364,1.2829715515,-1.1345352728,1.5596182217,1.4999469953
line_variable_orientation_repeatability_speed1.5_r4,line_variable_orientation,repeatability,4,42,1.5,0.0250626566,-0.1226223689,0.7642370894,0.5226232364,1.2829715515,-1.1345352728,1.5596182217,1.4999469953
line_variable_orientation_repeatability_speed1.5_r5,line_variable_orientation,repeatability,5,42,1.5,0.0250626566,-0.1226223689,0.7642370894,0.5226232364,1.2829715515,-1.1345352728,1.5596182217,1.4999469953
line_variable_orientation_repeatability_speed1.5_r6,line_variable_orientation,repeatability,6,42,1.5,0.0250626566,-0.1226223689,0.7642370894,0.5226232364,1.2829715515,-1.1345352728,1.5596182217,1.4999469953
line_variable_orientation_repeatability_speed1.5_r7,line_variable_orientation,repeatability,7,42,1.5,0.0250626566,-0.1226223689,0.7642370894,0.5226232364,1.2829715515,-1.1345352728,1.5596182217,1.4999469953
line_variable_orientation_repeatability_speed1.5_r8,line_variable_orientation,repeatability,8,42,1.5,0.0250626566,-0.1226223689,0.7642370894,0.5226232364,1.2829715515,-1.1345352728,1.5596182217,1.4999469953
line_variable_orientation_repeatability_speed1.5_r9,line_variable_orientation,repeatability,9,42,1.5,0.0250626566,-0.1226223689,0.7642370894,0.5226232364,1.2829715515,-1.1345352728,1.5596182217,1.4999469953
line_variable_orientation_robustness_speed0.5_c0,line_variable_orientation,robustness,0,5119924387865758476,0.5,0.0250626566,-4.3791332630,1.2922390508,-3.1720792233,1.9583497687,0.4158718952,2.2803578955,1.5796305264
line_variable_orientation_robustness_speed0.5_c1,line_variable_orientation,robustness,0,2489707593717558186,0.5,0.0250626566,-1.0694753355,1.1634890918,-5.9865379220,1.8244972314,2.1583218827,-1.9132142393,2.2575451007
line_variable_orientation_robustness_speed0.5_c2,line_variable_orientation,robustness,0,8429478408827430143,0.5,0.0250626566,5.1468967937,-0.5502101653,0.9399935753,1.7537396547,-3.5186550271,3.1161421320,-4.7699736306
line_variable_orientation_robustness_speed0.5_c3,line_variable_orientation,robustness,0,7515437260688060569,0.5,0.0250626566,0.5591507168,0.4647779317,2.8077574534,0.2954228754,4.1640036875,1.5381128324,0.6155059689
line_variable_orientation_robustness_speed0.5_c4,line_variable_orientation,robustness,0,2098747776893508517,0.5,0.0250626566,-1.6399551374,1.0259708872,-2.3718043521,0.9434175089,-3.8935654299,-2.9759169743,0.2226204718
line_variable_orientation_robustness_speed1.0_c0,line_variable_orientation,robustness,0,5119924387865758476,1.0,0.0250626566,-4.3791332630,1.2922390508,-3.1720792233,1.9583497687,0.4158718952,2.2803578955,1.5796305264
line_variable_orientation_robustness_speed1.0_c1,line_variable_orientation,robustness,0,2489707593717558186,1.0,0.0250626566,-1.0694753355,1.1634890918,-5.9865379220,1.8244972314,2.1583218827,-1.9132142393,2.2575451007
line_variable_orientation_robustness_speed1.0_c2,line_variable_orientation,robustness,0,8429478408827430143,1.0,0.0250626566,5.1468967937,-0.5502101653,0.9399935753,1.7537396547,-3.5186550271,3.1161421320,-4.7699736306
line_variable_orientation_robustness_speed1.0_c3,line_variable_orientation,robustness,0,7515437260688060569,1.0,0.0250626566,0.5591507168,0.4647779317,2.8077574534,0.2954228754,4.1640036875,1.5381128324,0.6155059689
line_variable_orientation_robustness_speed1.0_c4,line_variable_orientation,robustness,0,2098747776893508517,1.0,0.0250626566,-1.6399551374,1.0259708872,-2.3718043521,0.9434175089,-3.8935654299,-2.9759169743,0.2226204718
line_variable_orientation_robustness_speed1.5_c0,line_variable_orientation,robustness,0,5119924387865758476,1.5,0.0250626566,-4.3791332630,1.2922390508,-3.1720792233,1.9583497687,0.4158718952,2.2803578955,1.5796305264
line_variable_orientation_robustness_speed1.5_c1,line_variable_orientation,robustness,0,2489707593717558186,1.5,0.0250626566,-1.0694753355,1.1634890918,-5.9865379220,1.8244972314,2.1583218827,-1.9132142393,2.2575451007
line_variable_orientation_robustness_speed1.5_c2,line_variable_orientation,robustness,0,8429478408827430143,1.5,0.0250626566,5.1468967937,-0.5502101653,0.9399935753,1.7537396547,-3.5186550271,3.1161421320,-4.7699736306
line_variable_orientation_robustness_speed1.5_c3,line_variable_orientation,robustness,0,7515437260688060569,1.5,0.0250626566,0.5591507168,0.4647779317,2.8077574534,0.2954228754,4.1640036875,1.5381128324,0.6155059689
line_variable_orientation_robustness_speed1.5_c4,line_variable_orientation,robustness,0,2098747776893508517,1.5,0.0250626566,-1.6399551374,1.0259708872,-2.3718043521,0.9434175089,-3.8935654299,-2.9759169743,0.2226204718
